venue_id,venue_name,category,area,listing_url,website,phone,badge_url,email_template
"adventure-divers-pattaya","Adventure Divers Pattaya","watersports","Central Pattaya — boat operates from Bali Hai Pier","https://pattaya-gym.com/gyms/adventure-divers-pattaya/","https://pattayadivers.com/","","https://pattaya-gym.com/badge-listed.svg","Subject: Your venue on Pattaya.Gym — Adventure Divers Pattaya

Hi Adventure Divers Pattaya team,

We run https://pattaya-gym.com — independent directory of 158 Pattaya sport venues. Your free listing: https://pattaya-gym.com/gyms/adventure-divers-pattaya/

If you'd like to show visitors you're listed, link to your page or use our badge: https://pattaya-gym.com/badge-listed.svg

Reply with any corrections to hours or prices.

Tim — Pattaya.Gym"
"af-academy-pattaya","AF Academy Football School Pattaya","kids-youth","Naklua + Jomtien + Pratumnak + Central Pattaya (multiple training locations)","https://pattaya-gym.com/gyms/af-academy-pattaya/","https://www.afacademy.pro/en","+66 96 078 8308","https://pattaya-gym.com/badge-listed.svg","Subject: Your venue on Pattaya.Gym — AF Academy Football School Pattaya

Hi AF Academy Football School Pattaya team,

We run https://pattaya-gym.com — independent directory of 158 Pattaya sport venues. Your free listing: https://pattaya-gym.com/gyms/af-academy-pattaya/

If you'd like to show visitors you're listed, link to your page or use our badge: https://pattaya-gym.com/badge-listed.svg

Reply with any corrections to hours or prices.

Tim — Pattaya.Gym"
"andaz-pattaya-jomtien","Andaz Pattaya Jomtien Beach (Hyatt)","fitness","Na Jomtien / Sattahip","https://pattaya-gym.com/gyms/andaz-pattaya-jomtien/","https://www.hyatt.com/andaz/utpaz-hyatt-andaz-pattaya-jomtien-beach/","","https://pattaya-gym.com/badge-listed.svg","Subject: Your venue on Pattaya.Gym — Andaz Pattaya Jomtien Beach (Hyatt)

Hi Andaz Pattaya Jomtien Beach (Hyatt) team,

We run https://pattaya-gym.com — independent directory of 158 Pattaya sport venues. Your free listing: https://pattaya-gym.com/gyms/andaz-pattaya-jomtien/

If you'd like to show visitors you're listed, link to your page or use our badge: https://pattaya-gym.com/badge-listed.svg

Reply with any corrections to hours or prices.

Tim — Pattaya.Gym"
"anytime-fitness-pattaya","Anytime Fitness Pattaya","fitness","Multiple (South Pattaya / Bukis Point + ""Again"" Pattaya)","https://pattaya-gym.com/gyms/anytime-fitness-pattaya/","https://www.anytimefitness.co.th/","+66 64 589 1174","https://pattaya-gym.com/badge-listed.svg","Subject: Your venue on Pattaya.Gym — Anytime Fitness Pattaya

Hi Anytime Fitness Pattaya team,

We run https://pattaya-gym.com — independent directory of 158 Pattaya sport venues. Your free listing: https://pattaya-gym.com/gyms/anytime-fitness-pattaya/

If you'd like to show visitors you're listed, link to your page or use our badge: https://pattaya-gym.com/badge-listed.svg

Reply with any corrections to hours or prices.

Tim — Pattaya.Gym"
"ashtanga-yoga-pattaya","Ashtanga Yoga Pattaya","yoga","Pattaya — Soi 12 Thepprasit / Jomtien","https://pattaya-gym.com/gyms/ashtanga-yoga-pattaya/","https://ashtangayogapattaya.weebly.com/","","https://pattaya-gym.com/badge-listed.svg","Subject: Your venue on Pattaya.Gym — Ashtanga Yoga Pattaya

Hi Ashtanga Yoga Pattaya team,

We run https://pattaya-gym.com — independent directory of 158 Pattaya sport venues. Your free listing: https://pattaya-gym.com/gyms/ashtanga-yoga-pattaya/

If you'd like to show visitors you're listed, link to your page or use our badge: https://pattaya-gym.com/badge-listed.svg

Reply with any corrections to hours or prices.

Tim — Pattaya.Gym"
"atv-tours-pattaya","ATV & Off-Road Tours Pattaya (Multi-Operator)","adventure","30 min east of Pattaya — Pong Village near Lake Mabprachan + various","https://pattaya-gym.com/gyms/atv-tours-pattaya/","https://www.atvtourspattaya.com/","","https://pattaya-gym.com/badge-listed.svg","Subject: Your venue on Pattaya.Gym — ATV & Off-Road Tours Pattaya (Multi-Operator)

Hi ATV & Off-Road Tours Pattaya (Multi-Operator) team,

We run https://pattaya-gym.com — independent directory of 158 Pattaya sport venues. Your free listing: https://pattaya-gym.com/gyms/atv-tours-pattaya/

If you'd like to show visitors you're listed, link to your page or use our badge: https://pattaya-gym.com/badge-listed.svg

Reply with any corrections to hours or prices.

Tim — Pattaya.Gym"
"balance-yoga-studio-pattaya","Balance Yoga Studio Pattaya","yoga","Near sea — Pattaya / Jomtien beach-adjacent","https://pattaya-gym.com/gyms/balance-yoga-studio-pattaya/","https://balancepattaya.com/","","https://pattaya-gym.com/badge-listed.svg","Subject: Your venue on Pattaya.Gym — Balance Yoga Studio Pattaya

Hi Balance Yoga Studio Pattaya team,

We run https://pattaya-gym.com — independent directory of 158 Pattaya sport venues. Your free listing: https://pattaya-gym.com/gyms/balance-yoga-studio-pattaya/

If you'd like to show visitors you're listed, link to your page or use our badge: https://pattaya-gym.com/badge-listed.svg

Reply with any corrections to hours or prices.

Tim — Pattaya.Gym"
"bangkok-hospital-pattaya-rehab","Bangkok Hospital Pattaya — Sports Rehabilitation & Wellness","clubs","North Pattaya","https://pattaya-gym.com/gyms/bangkok-hospital-pattaya-rehab/","https://www.bangkokpattayahospital.com/","+66 38 259 999","https://pattaya-gym.com/badge-listed.svg","Subject: Your venue on Pattaya.Gym — Bangkok Hospital Pattaya — Sports Rehabilitation & Wellness

Hi Bangkok Hospital Pattaya — Sports Rehabilitation & Wellness team,

We run https://pattaya-gym.com — independent directory of 158 Pattaya sport venues. Your free listing: https://pattaya-gym.com/gyms/bangkok-hospital-pattaya-rehab/

If you'd like to show visitors you're listed, link to your page or use our badge: https://pattaya-gym.com/badge-listed.svg

Reply with any corrections to hours or prices.

Tim — Pattaya.Gym"
"battle-conquer-gym","Battle Conquer Gym Pattaya","muay-thai","Central Pattaya / near Pattaya Beach","https://pattaya-gym.com/gyms/battle-conquer-gym/","https://battleconquerpattaya.com/","+66 98 085 3053","https://pattaya-gym.com/badge-listed.svg","Subject: Your venue on Pattaya.Gym — Battle Conquer Gym Pattaya

Hi Battle Conquer Gym Pattaya team,

We run https://pattaya-gym.com — independent directory of 158 Pattaya sport venues. Your free listing: https://pattaya-gym.com/gyms/battle-conquer-gym/

If you'd like to show visitors you're listed, link to your page or use our badge: https://pattaya-gym.com/badge-listed.svg

Reply with any corrections to hours or prices.

Tim — Pattaya.Gym"
"bean-cow-climbing-gym","Bean Cow Climbing Gym & Community Center","climbing","Huay Yai / East Pattaya","https://pattaya-gym.com/gyms/bean-cow-climbing-gym/","https://www.beancowclimbing.com/","","https://pattaya-gym.com/badge-listed.svg","Subject: Your venue on Pattaya.Gym — Bean Cow Climbing Gym & Community Center

Hi Bean Cow Climbing Gym & Community Center team,

We run https://pattaya-gym.com — independent directory of 158 Pattaya sport venues. Your free listing: https://pattaya-gym.com/gyms/bean-cow-climbing-gym/

If you'd like to show visitors you're listed, link to your page or use our badge: https://pattaya-gym.com/badge-listed.svg

Reply with any corrections to hours or prices.

Tim — Pattaya.Gym"
"bira-circuit","Bira Circuit (FIA-Standard Motor Racing Track)","adventure","Banglamung — 15 km northeast of Pattaya","https://pattaya-gym.com/gyms/bira-circuit/","https://bira.co.th/","","https://pattaya-gym.com/badge-listed.svg","Subject: Your venue on Pattaya.Gym — Bira Circuit (FIA-Standard Motor Racing Track)

Hi Bira Circuit (FIA-Standard Motor Racing Track) team,

We run https://pattaya-gym.com — independent directory of 158 Pattaya sport venues. Your free listing: https://pattaya-gym.com/gyms/bira-circuit/

If you'd like to show visitors you're listed, link to your page or use our badge: https://pattaya-gym.com/badge-listed.svg

Reply with any corrections to hours or prices.

Tim — Pattaya.Gym"
"bounce-pattaya","BOUNCE Pattaya — Trampoline Park","kids-youth","Harbor Pattaya Mall — 6F / Central Pattaya","https://pattaya-gym.com/gyms/bounce-pattaya/","https://bounceinc.co.th/","","https://pattaya-gym.com/badge-listed.svg","Subject: Your venue on Pattaya.Gym — BOUNCE Pattaya — Trampoline Park

Hi BOUNCE Pattaya — Trampoline Park team,

We run https://pattaya-gym.com — independent directory of 158 Pattaya sport venues. Your free listing: https://pattaya-gym.com/gyms/bounce-pattaya/

If you'd like to show visitors you're listed, link to your page or use our badge: https://pattaya-gym.com/badge-listed.svg

Reply with any corrections to hours or prices.

Tim — Pattaya.Gym"
"burapha-golf-club","Burapha Golf Club","golf","Sriracha (35 min from Pattaya)","https://pattaya-gym.com/gyms/burapha-golf-club/","https://www.facebook.com/p/Burapha-Golf-Resort-Thailand-1000","+66 38 372 700","https://pattaya-gym.com/badge-listed.svg","Subject: Your venue on Pattaya.Gym — Burapha Golf Club

Hi Burapha Golf Club team,

We run https://pattaya-gym.com — independent directory of 158 Pattaya sport venues. Your free listing: https://pattaya-gym.com/gyms/burapha-golf-club/

If you'd like to show visitors you're listed, link to your page or use our badge: https://pattaya-gym.com/badge-listed.svg

Reply with any corrections to hours or prices.

Tim — Pattaya.Gym"
"cape-dara-resort","Cape Dara Resort","fitness","Naklua / North Pattaya — beach-cliff position","https://pattaya-gym.com/gyms/cape-dara-resort/","https://capedarapattaya.com/","","https://pattaya-gym.com/badge-listed.svg","Subject: Your venue on Pattaya.Gym — Cape Dara Resort

Hi Cape Dara Resort team,

We run https://pattaya-gym.com — independent directory of 158 Pattaya sport venues. Your free listing: https://pattaya-gym.com/gyms/cape-dara-resort/

If you'd like to show visitors you're listed, link to your page or use our badge: https://pattaya-gym.com/badge-listed.svg

Reply with any corrections to hours or prices.

Tim — Pattaya.Gym"
"cartoon-network-amazone","Cartoon Network Amazone Waterpark (now Columbia Pictures Aquaverse)","swimming","Na Jomtien / Sattahip — 15 km south of Pattaya","https://pattaya-gym.com/gyms/cartoon-network-amazone/","https://www.aquaverse.co.th/","","https://pattaya-gym.com/badge-listed.svg","Subject: Your venue on Pattaya.Gym — Cartoon Network Amazone Waterpark (now Columbia Pictures Aquaverse)

Hi Cartoon Network Amazone Waterpark (now Columbia Pictures Aquaverse) team,

We run https://pattaya-gym.com — independent directory of 158 Pattaya sport venues. Your free listing: https://pattaya-gym.com/gyms/cartoon-network-amazone/

If you'd like to show visitors you're listed, link to your page or use our badge: https://pattaya-gym.com/badge-listed.svg

Reply with any corrections to hours or prices.

Tim — Pattaya.Gym"
"castra-gym","Castra Gym","fitness","Khao Talo / East Pattaya (""Darkside"")","https://pattaya-gym.com/gyms/castra-gym/","https://castragym.com/","","https://pattaya-gym.com/badge-listed.svg","Subject: Your venue on Pattaya.Gym — Castra Gym

Hi Castra Gym team,

We run https://pattaya-gym.com — independent directory of 158 Pattaya sport venues. Your free listing: https://pattaya-gym.com/gyms/castra-gym/

If you'd like to show visitors you're listed, link to your page or use our badge: https://pattaya-gym.com/badge-listed.svg

Reply with any corrections to hours or prices.

Tim — Pattaya.Gym"
"centara-grand-mirage","Centara Grand Mirage Beach Resort","swimming","Wong Amat Beach / North Pattaya","https://pattaya-gym.com/gyms/centara-grand-mirage/","https://www.centarahotelsresorts.com/centaragrand/cmbr","","https://pattaya-gym.com/badge-listed.svg","Subject: Your venue on Pattaya.Gym — Centara Grand Mirage Beach Resort

Hi Centara Grand Mirage Beach Resort team,

We run https://pattaya-gym.com — independent directory of 158 Pattaya sport venues. Your free listing: https://pattaya-gym.com/gyms/centara-grand-mirage/

If you'd like to show visitors you're listed, link to your page or use our badge: https://pattaya-gym.com/badge-listed.svg

Reply with any corrections to hours or prices.

Tim — Pattaya.Gym"
"chatrium-golf-soi-dao","Chatrium Golf Resort Soi Dao Chanthaburi","golf","Khao Soi Dao Mountains, Chanthaburi (3 hours from Pattaya)","https://pattaya-gym.com/gyms/chatrium-golf-soi-dao/","https://www.chatrium.com/golfsoidaochanthaburi","","https://pattaya-gym.com/badge-listed.svg","Subject: Your venue on Pattaya.Gym — Chatrium Golf Resort Soi Dao Chanthaburi

Hi Chatrium Golf Resort Soi Dao Chanthaburi team,

We run https://pattaya-gym.com — independent directory of 158 Pattaya sport venues. Your free listing: https://pattaya-gym.com/gyms/chatrium-golf-soi-dao/

If you'd like to show visitors you're listed, link to your page or use our badge: https://pattaya-gym.com/badge-listed.svg

Reply with any corrections to hours or prices.

Tim — Pattaya.Gym"
"chee-chan-golf","Chee Chan Golf Resort","golf","Na Jomtien / Sattahip","https://pattaya-gym.com/gyms/chee-chan-golf/","https://cheechangolf.com/","","https://pattaya-gym.com/badge-listed.svg","Subject: Your venue on Pattaya.Gym — Chee Chan Golf Resort

Hi Chee Chan Golf Resort team,

We run https://pattaya-gym.com — independent directory of 158 Pattaya sport venues. Your free listing: https://pattaya-gym.com/gyms/chee-chan-golf/

If you'd like to show visitors you're listed, link to your page or use our badge: https://pattaya-gym.com/badge-listed.svg

Reply with any corrections to hours or prices.

Tim — Pattaya.Gym"
"clubloongchat-watersports","Clubloongchat Watersports","watersports","Na Jomtien Beach","https://pattaya-gym.com/gyms/clubloongchat-watersports/","https://www.clubloongchat.com/","","https://pattaya-gym.com/badge-listed.svg","Subject: Your venue on Pattaya.Gym — Clubloongchat Watersports

Hi Clubloongchat Watersports team,

We run https://pattaya-gym.com — independent directory of 158 Pattaya sport venues. Your free listing: https://pattaya-gym.com/gyms/clubloongchat-watersports/

If you'd like to show visitors you're listed, link to your page or use our badge: https://pattaya-gym.com/badge-listed.svg

Reply with any corrections to hours or prices.

Tim — Pattaya.Gym"
"cross-pattaya-pratamnak","Cross Pattaya Pratamnak (Cloud Club + PLAYROOM)","fitness","Pratamnak Hill","https://pattaya-gym.com/gyms/cross-pattaya-pratamnak/","https://www.crosspattayapratamnak.com/","","https://pattaya-gym.com/badge-listed.svg","Subject: Your venue on Pattaya.Gym — Cross Pattaya Pratamnak (Cloud Club + PLAYROOM)

Hi Cross Pattaya Pratamnak (Cloud Club + PLAYROOM) team,

We run https://pattaya-gym.com — independent directory of 158 Pattaya sport venues. Your free listing: https://pattaya-gym.com/gyms/cross-pattaya-pratamnak/

If you'd like to show visitors you're listed, link to your page or use our badge: https://pattaya-gym.com/badge-listed.svg

Reply with any corrections to hours or prices.

Tim — Pattaya.Gym"
"crossfit-pattaya","CrossFit Pattaya @ The Jungle Gym","crossfit","Nong Prue / Central-East Pattaya","https://pattaya-gym.com/gyms/crossfit-pattaya/","https://www.junglegympattaya.com/","+66 84 818 3994","https://pattaya-gym.com/badge-listed.svg","Subject: Your venue on Pattaya.Gym — CrossFit Pattaya @ The Jungle Gym

Hi CrossFit Pattaya @ The Jungle Gym team,

We run https://pattaya-gym.com — independent directory of 158 Pattaya sport venues. Your free listing: https://pattaya-gym.com/gyms/crossfit-pattaya/

If you'd like to show visitors you're listed, link to your page or use our badge: https://pattaya-gym.com/badge-listed.svg

Reply with any corrections to hours or prices.

Tim — Pattaya.Gym"
"dive-station-pattaya","Dive Station Pattaya","watersports","Pattaya — boat departures from Bali Hai Pier","https://pattaya-gym.com/gyms/dive-station-pattaya/","https://divestationpattaya.com/","","https://pattaya-gym.com/badge-listed.svg","Subject: Your venue on Pattaya.Gym — Dive Station Pattaya

Hi Dive Station Pattaya team,

We run https://pattaya-gym.com — independent directory of 158 Pattaya sport venues. Your free listing: https://pattaya-gym.com/gyms/dive-station-pattaya/

If you'd like to show visitors you're listed, link to your page or use our badge: https://pattaya-gym.com/badge-listed.svg

Reply with any corrections to hours or prices.

Tim — Pattaya.Gym"
"dragon-shooting-club","Dragon Shooting Club Pattaya","adventure","Pattaya — confirm exact at booking","https://pattaya-gym.com/gyms/dragon-shooting-club/","https://www.dragonshootingclub.com/","","https://pattaya-gym.com/badge-listed.svg","Subject: Your venue on Pattaya.Gym — Dragon Shooting Club Pattaya

Hi Dragon Shooting Club Pattaya team,

We run https://pattaya-gym.com — independent directory of 158 Pattaya sport venues. Your free listing: https://pattaya-gym.com/gyms/dragon-shooting-club/

If you'd like to show visitors you're listed, link to your page or use our badge: https://pattaya-gym.com/badge-listed.svg

Reply with any corrections to hours or prices.

Tim — Pattaya.Gym"
"dusit-thani-pattaya","Dusit Thani Pattaya — Devarana Wellness","fitness","North Pattaya / Beach Road headland","https://pattaya-gym.com/gyms/dusit-thani-pattaya/","https://www.dusit.com/dusitthani-pattaya/","","https://pattaya-gym.com/badge-listed.svg","Subject: Your venue on Pattaya.Gym — Dusit Thani Pattaya — Devarana Wellness

Hi Dusit Thani Pattaya — Devarana Wellness team,

We run https://pattaya-gym.com — independent directory of 158 Pattaya sport venues. Your free listing: https://pattaya-gym.com/gyms/dusit-thani-pattaya/

If you'd like to show visitors you're listed, link to your page or use our badge: https://pattaya-gym.com/badge-listed.svg

Reply with any corrections to hours or prices.

Tim — Pattaya.Gym"
"easykart-pattaya","EasyKart Pattaya Thepprasit (Outdoor Go Kart Track)","adventure","Thepprasit Road","https://pattaya-gym.com/gyms/easykart-pattaya/","https://easykart.net/pattaya-easykart-book-now/","+66 91 038 6111","https://pattaya-gym.com/badge-listed.svg","Subject: Your venue on Pattaya.Gym — EasyKart Pattaya Thepprasit (Outdoor Go Kart Track)

Hi EasyKart Pattaya Thepprasit (Outdoor Go Kart Track) team,

We run https://pattaya-gym.com — independent directory of 158 Pattaya sport venues. Your free listing: https://pattaya-gym.com/gyms/easykart-pattaya/

If you'd like to show visitors you're listed, link to your page or use our badge: https://pattaya-gym.com/badge-listed.svg

Reply with any corrections to hours or prices.

Tim — Pattaya.Gym"
"elite-gym-fitness","Elite Gym & Fitness Pattaya","fitness","Sukhumvit Road (between Soi 42 and 44, opposite Soi 65)","https://pattaya-gym.com/gyms/elite-gym-fitness/","https://elitegympattaya.com/","+66 98 1919 421","https://pattaya-gym.com/badge-listed.svg","Subject: Your venue on Pattaya.Gym — Elite Gym & Fitness Pattaya

Hi Elite Gym & Fitness Pattaya team,

We run https://pattaya-gym.com — independent directory of 158 Pattaya sport venues. Your free listing: https://pattaya-gym.com/gyms/elite-gym-fitness/

If you'd like to show visitors you're listed, link to your page or use our badge: https://pattaya-gym.com/badge-listed.svg

Reply with any corrections to hours or prices.

Tim — Pattaya.Gym"
"fairtex-pattaya","Fairtex Training Center Pattaya","muay-thai","Naklua / North Pattaya","https://pattaya-gym.com/gyms/fairtex-pattaya/","https://fairtextrainingcenter.com/","+66 86 308 7031","https://pattaya-gym.com/badge-listed.svg","Subject: Your venue on Pattaya.Gym — Fairtex Training Center Pattaya

Hi Fairtex Training Center Pattaya team,

We run https://pattaya-gym.com — independent directory of 158 Pattaya sport venues. Your free listing: https://pattaya-gym.com/gyms/fairtex-pattaya/

If you'd like to show visitors you're listed, link to your page or use our badge: https://pattaya-gym.com/badge-listed.svg

Reply with any corrections to hours or prices.

Tim — Pattaya.Gym"
"fast-pro-football-academy","FAST PRO Football Academy Pattaya","kids-youth","Two locations — Horseshoe Point Pattaya + IP Soccer Club Pattaya","https://pattaya-gym.com/gyms/fast-pro-football-academy/","https://www.fastprofootball.com/","","https://pattaya-gym.com/badge-listed.svg","Subject: Your venue on Pattaya.Gym — FAST PRO Football Academy Pattaya

Hi FAST PRO Football Academy Pattaya team,

We run https://pattaya-gym.com — independent directory of 158 Pattaya sport venues. Your free listing: https://pattaya-gym.com/gyms/fast-pro-football-academy/

If you'd like to show visitors you're listed, link to your page or use our badge: https://pattaya-gym.com/badge-listed.svg

Reply with any corrections to hours or prices.

Tim — Pattaya.Gym"
"fight-evo360","Fight EVO360 Muay Thai Gym","muay-thai","Thepprasit Road / Jomtien","https://pattaya-gym.com/gyms/fight-evo360/","https://www.fightevo360.com/","","https://pattaya-gym.com/badge-listed.svg","Subject: Your venue on Pattaya.Gym — Fight EVO360 Muay Thai Gym

Hi Fight EVO360 Muay Thai Gym team,

We run https://pattaya-gym.com — independent directory of 158 Pattaya sport venues. Your free listing: https://pattaya-gym.com/gyms/fight-evo360/

If you'd like to show visitors you're listed, link to your page or use our badge: https://pattaya-gym.com/badge-listed.svg

Reply with any corrections to hours or prices.

Tim — Pattaya.Gym"
"first-serve-sports-club","First Serve Sports Club","swimming","Pattaya","https://pattaya-gym.com/gyms/first-serve-sports-club/","https://www.firstservesportsclub.com/","","https://pattaya-gym.com/badge-listed.svg","Subject: Your venue on Pattaya.Gym — First Serve Sports Club

Hi First Serve Sports Club team,

We run https://pattaya-gym.com — independent directory of 158 Pattaya sport venues. Your free listing: https://pattaya-gym.com/gyms/first-serve-sports-club/

If you'd like to show visitors you're listed, link to your page or use our badge: https://pattaya-gym.com/badge-listed.svg

Reply with any corrections to hours or prices.

Tim — Pattaya.Gym"
"fitness-7","Fitness 7 Pattaya (The Avenue)","fitness","The Avenue Pattaya / Central Pattaya (parallel to Beach Road)","https://pattaya-gym.com/gyms/fitness-7/","https://fitness7thailand.com/","","https://pattaya-gym.com/badge-listed.svg","Subject: Your venue on Pattaya.Gym — Fitness 7 Pattaya (The Avenue)

Hi Fitness 7 Pattaya (The Avenue) team,

We run https://pattaya-gym.com — independent directory of 158 Pattaya sport venues. Your free listing: https://pattaya-gym.com/gyms/fitness-7/

If you'd like to show visitors you're listed, link to your page or use our badge: https://pattaya-gym.com/badge-listed.svg

Reply with any corrections to hours or prices.

Tim — Pattaya.Gym"
"fitz-club","Fitz Club — Racquets, Health & Fitness (Royal Cliff Hotels Group)","fitness","Pratumnak Hill","https://pattaya-gym.com/gyms/fitz-club/","https://www.royalcliff.com/facilities/fitz-club/","+66 38 250 421 ext. 2621","https://pattaya-gym.com/badge-listed.svg","Subject: Your venue on Pattaya.Gym — Fitz Club — Racquets, Health & Fitness (Royal Cliff Hotels Group)

Hi Fitz Club — Racquets, Health & Fitness (Royal Cliff Hotels Group) team,

We run https://pattaya-gym.com — independent directory of 158 Pattaya sport venues. Your free listing: https://pattaya-gym.com/gyms/fitz-club/

If you'd like to show visitors you're listed, link to your page or use our badge: https://pattaya-gym.com/badge-listed.svg

Reply with any corrections to hours or prices.

Tim — Pattaya.Gym"
"flight-of-the-gibbon","Flight of the Gibbon — Khao Kheow Canopy Zipline","adventure","Khao Kheow / Si Racha (1 hour from Pattaya, 90 min from Bangkok)","https://pattaya-gym.com/gyms/flight-of-the-gibbon/","https://flightofthegibbon.com/","","https://pattaya-gym.com/badge-listed.svg","Subject: Your venue on Pattaya.Gym — Flight of the Gibbon — Khao Kheow Canopy Zipline

Hi Flight of the Gibbon — Khao Kheow Canopy Zipline team,

We run https://pattaya-gym.com — independent directory of 158 Pattaya sport venues. Your free listing: https://pattaya-gym.com/gyms/flight-of-the-gibbon/

If you'd like to show visitors you're listed, link to your page or use our badge: https://pattaya-gym.com/badge-listed.svg

Reply with any corrections to hours or prices.

Tim — Pattaya.Gym"
"golf-hub-pattaya","Golf Hub Pattaya (Indoor Simulator + Club Fitting)","golf","Soi Buakhao + East Pattaya (multiple locations)","https://pattaya-gym.com/gyms/golf-hub-pattaya/","https://www.golfhubpattaya.com/","","https://pattaya-gym.com/badge-listed.svg","Subject: Your venue on Pattaya.Gym — Golf Hub Pattaya (Indoor Simulator + Club Fitting)

Hi Golf Hub Pattaya (Indoor Simulator + Club Fitting) team,

We run https://pattaya-gym.com — independent directory of 158 Pattaya sport venues. Your free listing: https://pattaya-gym.com/gyms/golf-hub-pattaya/

If you'd like to show visitors you're listed, link to your page or use our badge: https://pattaya-gym.com/badge-listed.svg

Reply with any corrections to hours or prices.

Tim — Pattaya.Gym"
"greenwood-golf-club","Greenwood Golf Club & Resort (formerly Noble Place)","golf","Ban Bueng, Chonburi (1 hour from Pattaya, toward Chonburi)","https://pattaya-gym.com/gyms/greenwood-golf-club/","https://www.gwgolfclub.com/","","https://pattaya-gym.com/badge-listed.svg","Subject: Your venue on Pattaya.Gym — Greenwood Golf Club & Resort (formerly Noble Place)

Hi Greenwood Golf Club & Resort (formerly Noble Place) team,

We run https://pattaya-gym.com — independent directory of 158 Pattaya sport venues. Your free listing: https://pattaya-gym.com/gyms/greenwood-golf-club/

If you'd like to show visitors you're listed, link to your page or use our badge: https://pattaya-gym.com/badge-listed.svg

Reply with any corrections to hours or prices.

Tim — Pattaya.Gym"
"greta-sport-club","Greta Sport Club Pattaya (at Greta Resort)","racquet","Na Jomtien / Sattahip (18 km south of central Pattaya / Walking Street)","https://pattaya-gym.com/gyms/greta-sport-club/","https://www.gretafarm.com/en/tennis/","","https://pattaya-gym.com/badge-listed.svg","Subject: Your venue on Pattaya.Gym — Greta Sport Club Pattaya (at Greta Resort)

Hi Greta Sport Club Pattaya (at Greta Resort) team,

We run https://pattaya-gym.com — independent directory of 158 Pattaya sport venues. Your free listing: https://pattaya-gym.com/gyms/greta-sport-club/

If you'd like to show visitors you're listed, link to your page or use our badge: https://pattaya-gym.com/badge-listed.svg

Reply with any corrections to hours or prices.

Tim — Pattaya.Gym"
"hard-rock-pool","Hard Rock Pool Pattaya","swimming","Hard Rock Hotel Pattaya — Central Pattaya Beach Road","https://pattaya-gym.com/gyms/hard-rock-pool/","https://hotel.hardrock.com/pattaya/swimming-pool.aspx","","https://pattaya-gym.com/badge-listed.svg","Subject: Your venue on Pattaya.Gym — Hard Rock Pool Pattaya

Hi Hard Rock Pool Pattaya team,

We run https://pattaya-gym.com — independent directory of 158 Pattaya sport venues. Your free listing: https://pattaya-gym.com/gyms/hard-rock-pool/

If you'd like to show visitors you're listed, link to your page or use our badge: https://pattaya-gym.com/badge-listed.svg

Reply with any corrections to hours or prices.

Tim — Pattaya.Gym"
"hilton-pattaya-fitness","Hilton Pattaya — Fitness Center, Spa & Pool","fitness","Central Pattaya — Beach Road / Central Festival Mall","https://pattaya-gym.com/gyms/hilton-pattaya-fitness/","https://www.hilton.com/en/hotels/bkkhphi-hilton-pattaya/","","https://pattaya-gym.com/badge-listed.svg","Subject: Your venue on Pattaya.Gym — Hilton Pattaya — Fitness Center, Spa & Pool

Hi Hilton Pattaya — Fitness Center, Spa & Pool team,

We run https://pattaya-gym.com — independent directory of 158 Pattaya sport venues. Your free listing: https://pattaya-gym.com/gyms/hilton-pattaya-fitness/

If you'd like to show visitors you're listed, link to your page or use our badge: https://pattaya-gym.com/badge-listed.svg

Reply with any corrections to hours or prices.

Tim — Pattaya.Gym"
"holiday-inn-pattaya","Holiday Inn Pattaya","fitness","Beach Road / Central Pattaya","https://pattaya-gym.com/gyms/holiday-inn-pattaya/","https://pattaya.holidayinn.com/","+66 38 725 555","https://pattaya-gym.com/badge-listed.svg","Subject: Your venue on Pattaya.Gym — Holiday Inn Pattaya

Hi Holiday Inn Pattaya team,

We run https://pattaya-gym.com — independent directory of 158 Pattaya sport venues. Your free listing: https://pattaya-gym.com/gyms/holiday-inn-pattaya/

If you'd like to show visitors you're listed, link to your page or use our badge: https://pattaya-gym.com/badge-listed.svg

Reply with any corrections to hours or prices.

Tim — Pattaya.Gym"
"intercontinental-pattaya","InterContinental Pattaya Resort","fitness","Pratamnak Hill","https://pattaya-gym.com/gyms/intercontinental-pattaya/","https://pattaya.intercontinental.com/","","https://pattaya-gym.com/badge-listed.svg","Subject: Your venue on Pattaya.Gym — InterContinental Pattaya Resort

Hi InterContinental Pattaya Resort team,

We run https://pattaya-gym.com — independent directory of 158 Pattaya sport venues. Your free listing: https://pattaya-gym.com/gyms/intercontinental-pattaya/

If you'd like to show visitors you're listed, link to your page or use our badge: https://pattaya-gym.com/badge-listed.svg

Reply with any corrections to hours or prices.

Tim — Pattaya.Gym"
"jetts-fitness-pattaya","Jetts Fitness Pattaya","fitness","Little Walk Mall (Sukhumvit / Pattaya Klang)","https://pattaya-gym.com/gyms/jetts-fitness-pattaya/","https://www.jetts.co.th/en/","","https://pattaya-gym.com/badge-listed.svg","Subject: Your venue on Pattaya.Gym — Jetts Fitness Pattaya

Hi Jetts Fitness Pattaya team,

We run https://pattaya-gym.com — independent directory of 158 Pattaya sport venues. Your free listing: https://pattaya-gym.com/gyms/jetts-fitness-pattaya/

If you'd like to show visitors you're listed, link to your page or use our badge: https://pattaya-gym.com/badge-listed.svg

Reply with any corrections to hours or prices.

Tim — Pattaya.Gym"
"jomtien-dive-center","Jomtien Dive Center","watersports","Jomtien Beach","https://pattaya-gym.com/gyms/jomtien-dive-center/","https://jomtiendivecenter.com/","+66 33 144 007","https://pattaya-gym.com/badge-listed.svg","Subject: Your venue on Pattaya.Gym — Jomtien Dive Center

Hi Jomtien Dive Center team,

We run https://pattaya-gym.com — independent directory of 158 Pattaya sport venues. Your free listing: https://pattaya-gym.com/gyms/jomtien-dive-center/

If you'd like to show visitors you're listed, link to your page or use our badge: https://pattaya-gym.com/badge-listed.svg

Reply with any corrections to hours or prices.

Tim — Pattaya.Gym"
"kba-kiteboarding-pattaya","KBA Kiteboarding Asia Pattaya (Blue Lagoon)","watersports","Na Jomtien / Sattahip — Blue Lagoon","https://pattaya-gym.com/gyms/kba-kiteboarding-pattaya/","https://kiteboardingasia.com/pattaya/","+66 85 134 9588","https://pattaya-gym.com/badge-listed.svg","Subject: Your venue on Pattaya.Gym — KBA Kiteboarding Asia Pattaya (Blue Lagoon)

Hi KBA Kiteboarding Asia Pattaya (Blue Lagoon) team,

We run https://pattaya-gym.com — independent directory of 158 Pattaya sport venues. Your free listing: https://pattaya-gym.com/gyms/kba-kiteboarding-pattaya/

If you'd like to show visitors you're listed, link to your page or use our badge: https://pattaya-gym.com/badge-listed.svg

Reply with any corrections to hours or prices.

Tim — Pattaya.Gym"
"khao-kheow-country-club","Khao Kheow Country Club","golf","Bang Phra / Si Racha (between Bangkok and Pattaya)","https://pattaya-gym.com/gyms/khao-kheow-country-club/","https://www.khaokheowgolf.com/","+66 38 318 000","https://pattaya-gym.com/badge-listed.svg","Subject: Your venue on Pattaya.Gym — Khao Kheow Country Club

Hi Khao Kheow Country Club team,

We run https://pattaya-gym.com — independent directory of 158 Pattaya sport venues. Your free listing: https://pattaya-gym.com/gyms/khao-kheow-country-club/

If you'd like to show visitors you're listed, link to your page or use our badge: https://pattaya-gym.com/badge-listed.svg

Reply with any corrections to hours or prices.

Tim — Pattaya.Gym"
"kombat-group-thailand","Kombat Group Thailand","muay-thai","Huai Yai / East Pattaya (rural, near Chak Nok Lake)","https://pattaya-gym.com/gyms/kombat-group-thailand/","https://www.kombatgroup.com/","+66 81 099 9333","https://pattaya-gym.com/badge-listed.svg","Subject: Your venue on Pattaya.Gym — Kombat Group Thailand

Hi Kombat Group Thailand team,

We run https://pattaya-gym.com — independent directory of 158 Pattaya sport venues. Your free listing: https://pattaya-gym.com/gyms/kombat-group-thailand/

If you'd like to show visitors you're listed, link to your page or use our badge: https://pattaya-gym.com/badge-listed.svg

Reply with any corrections to hours or prices.

Tim — Pattaya.Gym"
"laem-chabang-international","Laem Chabang International Country Club","golf","Sriracha (30 min from Pattaya)","https://pattaya-gym.com/gyms/laem-chabang-international/","https://www.laemchabanggolf.com/","+66 82 222 3031","https://pattaya-gym.com/badge-listed.svg","Subject: Your venue on Pattaya.Gym — Laem Chabang International Country Club

Hi Laem Chabang International Country Club team,

We run https://pattaya-gym.com — independent directory of 158 Pattaya sport venues. Your free listing: https://pattaya-gym.com/gyms/laem-chabang-international/

If you'd like to show visitors you're listed, link to your page or use our badge: https://pattaya-gym.com/badge-listed.svg

Reply with any corrections to hours or prices.

Tim — Pattaya.Gym"
"lumpinee-boxing-stadium","Lumpinee Boxing Stadium (Bangkok day-trip)","muay-thai","Bangkok — Ramintra Road (1.5–2 hrs from Pattaya)","https://pattaya-gym.com/gyms/lumpinee-boxing-stadium/","https://lumpineestadium.com/","+66 80 045 9541","https://pattaya-gym.com/badge-listed.svg","Subject: Your venue on Pattaya.Gym — Lumpinee Boxing Stadium (Bangkok day-trip)

Hi Lumpinee Boxing Stadium (Bangkok day-trip) team,

We run https://pattaya-gym.com — independent directory of 158 Pattaya sport venues. Your free listing: https://pattaya-gym.com/gyms/lumpinee-boxing-stadium/

If you'd like to show visitors you're listed, link to your page or use our badge: https://pattaya-gym.com/badge-listed.svg

Reply with any corrections to hours or prices.

Tim — Pattaya.Gym"
"manhattan-pattaya-fitness","Manhattan Pattaya (Hotel Gym)","fitness","Pratamnak / Central Pattaya","https://pattaya-gym.com/gyms/manhattan-pattaya-fitness/","https://manhattanpattaya.com/facilities/gym/","","https://pattaya-gym.com/badge-listed.svg","Subject: Your venue on Pattaya.Gym — Manhattan Pattaya (Hotel Gym)

Hi Manhattan Pattaya (Hotel Gym) team,

We run https://pattaya-gym.com — independent directory of 158 Pattaya sport venues. Your free listing: https://pattaya-gym.com/gyms/manhattan-pattaya-fitness/

If you'd like to show visitors you're listed, link to your page or use our badge: https://pattaya-gym.com/badge-listed.svg

Reply with any corrections to hours or prices.

Tim — Pattaya.Gym"
"manta-kids-pattaya","Manta Kids Pattaya (IG Center)","swimming","Huayyai / East Pattaya","https://pattaya-gym.com/gyms/manta-kids-pattaya/","https://www.igcenter-pattaya.com/en/manta-kids-pattaya-en/","","https://pattaya-gym.com/badge-listed.svg","Subject: Your venue on Pattaya.Gym — Manta Kids Pattaya (IG Center)

Hi Manta Kids Pattaya (IG Center) team,

We run https://pattaya-gym.com — independent directory of 158 Pattaya sport venues. Your free listing: https://pattaya-gym.com/gyms/manta-kids-pattaya/

If you'd like to show visitors you're listed, link to your page or use our badge: https://pattaya-gym.com/badge-listed.svg

Reply with any corrections to hours or prices.

Tim — Pattaya.Gym"
"max-muay-thai-stadium","MAX Muay Thai Stadium Pattaya","muay-thai","Sukhumvit Road — next to King Power Pattaya","https://pattaya-gym.com/gyms/max-muay-thai-stadium/","https://www.muaythaistadium.com/max-pattaya","+66 80 471 6008","https://pattaya-gym.com/badge-listed.svg","Subject: Your venue on Pattaya.Gym — MAX Muay Thai Stadium Pattaya

Hi MAX Muay Thai Stadium Pattaya team,

We run https://pattaya-gym.com — independent directory of 158 Pattaya sport venues. Your free listing: https://pattaya-gym.com/gyms/max-muay-thai-stadium/

If you'd like to show visitors you're listed, link to your page or use our badge: https://pattaya-gym.com/badge-listed.svg

Reply with any corrections to hours or prices.

Tim — Pattaya.Gym"
"mermaids-dive","Mermaid's Dive Center","watersports","Jomtien (Soi White House) + Pattaya Beach Road + Bangkok (Amarin Plaza)","https://pattaya-gym.com/gyms/mermaids-dive/","https://www.mermaidsdivecenter.com/","+66 38 303 333","https://pattaya-gym.com/badge-listed.svg","Subject: Your venue on Pattaya.Gym — Mermaid's Dive Center

Hi Mermaid's Dive Center team,

We run https://pattaya-gym.com — independent directory of 158 Pattaya sport venues. Your free listing: https://pattaya-gym.com/gyms/mermaids-dive/

If you'd like to show visitors you're listed, link to your page or use our badge: https://pattaya-gym.com/badge-listed.svg

Reply with any corrections to hours or prices.

Tim — Pattaya.Gym"
"movenpick-siam-pattaya","Mövenpick Siam Hotel Na Jomtien Pattaya","fitness","Na Jomtien","https://pattaya-gym.com/gyms/movenpick-siam-pattaya/","https://www.movenpickpattayanajomtien.com/","","https://pattaya-gym.com/badge-listed.svg","Subject: Your venue on Pattaya.Gym — Mövenpick Siam Hotel Na Jomtien Pattaya

Hi Mövenpick Siam Hotel Na Jomtien Pattaya team,

We run https://pattaya-gym.com — independent directory of 158 Pattaya sport venues. Your free listing: https://pattaya-gym.com/gyms/movenpick-siam-pattaya/

If you'd like to show visitors you're listed, link to your page or use our badge: https://pattaya-gym.com/badge-listed.svg

Reply with any corrections to hours or prices.

Tim — Pattaya.Gym"
"muscle-factory-pattaya","Muscle Factory Pattaya","fitness","Pratamnak Hill","https://pattaya-gym.com/gyms/muscle-factory-pattaya/","https://mfbkk.com/","+66 83 695 9196","https://pattaya-gym.com/badge-listed.svg","Subject: Your venue on Pattaya.Gym — Muscle Factory Pattaya

Hi Muscle Factory Pattaya team,

We run https://pattaya-gym.com — independent directory of 158 Pattaya sport venues. Your free listing: https://pattaya-gym.com/gyms/muscle-factory-pattaya/

If you'd like to show visitors you're listed, link to your page or use our badge: https://pattaya-gym.com/badge-listed.svg

Reply with any corrections to hours or prices.

Tim — Pattaya.Gym"
"no-limit-divers","No Limit Divers","watersports","Pattaya / Jomtien","https://pattaya-gym.com/gyms/no-limit-divers/","https://nolimitdive.com/","","https://pattaya-gym.com/badge-listed.svg","Subject: Your venue on Pattaya.Gym — No Limit Divers

Hi No Limit Divers team,

We run https://pattaya-gym.com — independent directory of 158 Pattaya sport venues. Your free listing: https://pattaya-gym.com/gyms/no-limit-divers/

If you'd like to show visitors you're listed, link to your page or use our badge: https://pattaya-gym.com/badge-listed.svg

Reply with any corrections to hours or prices.

Tim — Pattaya.Gym"
"nongnooch-cultural-show","Nong Nooch Tropical Garden — Thai Cultural & Muay Thai Show","clubs","Na Chom Thian / Sattahip — 20 km south of Pattaya","https://pattaya-gym.com/gyms/nongnooch-cultural-show/","https://www.nongnoochpattaya.com/","","https://pattaya-gym.com/badge-listed.svg","Subject: Your venue on Pattaya.Gym — Nong Nooch Tropical Garden — Thai Cultural & Muay Thai Show

Hi Nong Nooch Tropical Garden — Thai Cultural & Muay Thai Show team,

We run https://pattaya-gym.com — independent directory of 158 Pattaya sport venues. Your free listing: https://pattaya-gym.com/gyms/nongnooch-cultural-show/

If you'd like to show visitors you're listed, link to your page or use our badge: https://pattaya-gym.com/badge-listed.svg

Reply with any corrections to hours or prices.

Tim — Pattaya.Gym"
"ocean-marina-jomtien","Ocean Marina Jomtien — Southeast Asia's Largest Marina","watersports","Na Jomtien / Sattahip","https://pattaya-gym.com/gyms/ocean-marina-jomtien/","https://www.oceanmarinajomtien.com/","+66 38 255 888","https://pattaya-gym.com/badge-listed.svg","Subject: Your venue on Pattaya.Gym — Ocean Marina Jomtien — Southeast Asia's Largest Marina

Hi Ocean Marina Jomtien — Southeast Asia's Largest Marina team,

We run https://pattaya-gym.com — independent directory of 158 Pattaya sport venues. Your free listing: https://pattaya-gym.com/gyms/ocean-marina-jomtien/

If you'd like to show visitors you're listed, link to your page or use our badge: https://pattaya-gym.com/badge-listed.svg

Reply with any corrections to hours or prices.

Tim — Pattaya.Gym"
"pattana-sports-resort","Pattana Golf Club & Resort (Pattana Sports Resort)","golf","Si Racha (40 km north of Pattaya, 90 min from Bangkok)","https://pattaya-gym.com/gyms/pattana-sports-resort/","https://pattana.co.th/","","https://pattaya-gym.com/badge-listed.svg","Subject: Your venue on Pattaya.Gym — Pattana Golf Club & Resort (Pattana Sports Resort)

Hi Pattana Golf Club & Resort (Pattana Sports Resort) team,

We run https://pattaya-gym.com — independent directory of 158 Pattaya sport venues. Your free listing: https://pattaya-gym.com/gyms/pattana-sports-resort/

If you'd like to show visitors you're listed, link to your page or use our badge: https://pattaya-gym.com/badge-listed.svg

Reply with any corrections to hours or prices.

Tim — Pattaya.Gym"
"pattaya-archery-club","Pattaya Archery Club","clubs","Pattaya","https://pattaya-gym.com/gyms/pattaya-archery-club/","https://www.pattayaarcheryclub.com/","+66 90 986 7955","https://pattaya-gym.com/badge-listed.svg","Subject: Your venue on Pattaya.Gym — Pattaya Archery Club

Hi Pattaya Archery Club team,

We run https://pattaya-gym.com — independent directory of 158 Pattaya sport venues. Your free listing: https://pattaya-gym.com/gyms/pattaya-archery-club/

If you'd like to show visitors you're listed, link to your page or use our badge: https://pattaya-gym.com/badge-listed.svg

Reply with any corrections to hours or prices.

Tim — Pattaya.Gym"
"pattaya-bike-boat-tours","Pattaya Bike and Boat Tours","adventure","Naklua / North Pattaya","https://pattaya-gym.com/gyms/pattaya-bike-boat-tours/","https://www.pattayabikeandboattours.com/","+66 81 000 2433","https://pattaya-gym.com/badge-listed.svg","Subject: Your venue on Pattaya.Gym — Pattaya Bike and Boat Tours

Hi Pattaya Bike and Boat Tours team,

We run https://pattaya-gym.com — independent directory of 158 Pattaya sport venues. Your free listing: https://pattaya-gym.com/gyms/pattaya-bike-boat-tours/

If you'd like to show visitors you're listed, link to your page or use our badge: https://pattaya-gym.com/badge-listed.svg

Reply with any corrections to hours or prices.

Tim — Pattaya.Gym"
"pattaya-cricket-club","Pattaya Cricket Club","clubs","Pattaya — home ground varies","https://pattaya-gym.com/gyms/pattaya-cricket-club/","https://www.pattayacricketclub.com/","","https://pattaya-gym.com/badge-listed.svg","Subject: Your venue on Pattaya.Gym — Pattaya Cricket Club

Hi Pattaya Cricket Club team,

We run https://pattaya-gym.com — independent directory of 158 Pattaya sport venues. Your free listing: https://pattaya-gym.com/gyms/pattaya-cricket-club/

If you'd like to show visitors you're listed, link to your page or use our badge: https://pattaya-gym.com/badge-listed.svg

Reply with any corrections to hours or prices.

Tim — Pattaya.Gym"
"pattaya-dive-centre","Pattaya Dive Centre","watersports","Pattaya Beach Road (between Soi 10 and Soi 11)","https://pattaya-gym.com/gyms/pattaya-dive-centre/","https://www.divecentrepattaya.com/","","https://pattaya-gym.com/badge-listed.svg","Subject: Your venue on Pattaya.Gym — Pattaya Dive Centre

Hi Pattaya Dive Centre team,

We run https://pattaya-gym.com — independent directory of 158 Pattaya sport venues. Your free listing: https://pattaya-gym.com/gyms/pattaya-dive-centre/

If you'd like to show visitors you're listed, link to your page or use our badge: https://pattaya-gym.com/badge-listed.svg

Reply with any corrections to hours or prices.

Tim — Pattaya.Gym"
"pattaya-floating-market","Pattaya Floating Market — Muay Talay & Cultural Activities","clubs","Sukhumvit Road / South Pattaya","https://pattaya-gym.com/gyms/pattaya-floating-market/","https://floatingmarketpattaya.com/","","https://pattaya-gym.com/badge-listed.svg","Subject: Your venue on Pattaya.Gym — Pattaya Floating Market — Muay Talay & Cultural Activities

Hi Pattaya Floating Market — Muay Talay & Cultural Activities team,

We run https://pattaya-gym.com — independent directory of 158 Pattaya sport venues. Your free listing: https://pattaya-gym.com/gyms/pattaya-floating-market/

If you'd like to show visitors you're listed, link to your page or use our badge: https://pattaya-gym.com/badge-listed.svg

Reply with any corrections to hours or prices.

Tim — Pattaya.Gym"
"pattaya-hash-house","Pattaya Hash House Harriers","clubs","Pattaya / East Pattaya / various run locations","https://pattaya-gym.com/gyms/pattaya-hash-house/","https://www.pattayah3.com/","","https://pattaya-gym.com/badge-listed.svg","Subject: Your venue on Pattaya.Gym — Pattaya Hash House Harriers

Hi Pattaya Hash House Harriers team,

We run https://pattaya-gym.com — independent directory of 158 Pattaya sport venues. Your free listing: https://pattaya-gym.com/gyms/pattaya-hash-house/

If you'd like to show visitors you're listed, link to your page or use our badge: https://pattaya-gym.com/badge-listed.svg

Reply with any corrections to hours or prices.

Tim — Pattaya.Gym"
"pattaya-kart-speedway","Pattaya Kart Speedway","adventure","Thepprasit Road Soi 9","https://pattaya-gym.com/gyms/pattaya-kart-speedway/","https://pattayakart.com/en/home/","","https://pattaya-gym.com/badge-listed.svg","Subject: Your venue on Pattaya.Gym — Pattaya Kart Speedway

Hi Pattaya Kart Speedway team,

We run https://pattaya-gym.com — independent directory of 158 Pattaya sport venues. Your free listing: https://pattaya-gym.com/gyms/pattaya-kart-speedway/

If you'd like to show visitors you're listed, link to your page or use our badge: https://pattaya-gym.com/badge-listed.svg

Reply with any corrections to hours or prices.

Tim — Pattaya.Gym"
"pattaya-marathon","Pattaya Marathon (Amazing Thailand Pattaya Marathon)","clubs","Pattaya Beach (full marathon route along the bay)","https://pattaya-gym.com/gyms/pattaya-marathon/","https://www.pattayamarathon.com/","","https://pattaya-gym.com/badge-listed.svg","Subject: Your venue on Pattaya.Gym — Pattaya Marathon (Amazing Thailand Pattaya Marathon)

Hi Pattaya Marathon (Amazing Thailand Pattaya Marathon) team,

We run https://pattaya-gym.com — independent directory of 158 Pattaya sport venues. Your free listing: https://pattaya-gym.com/gyms/pattaya-marathon/

If you'd like to show visitors you're listed, link to your page or use our badge: https://pattaya-gym.com/badge-listed.svg

Reply with any corrections to hours or prices.

Tim — Pattaya.Gym"
"pattaya-marriott-resort","Pattaya Marriott Resort and Spa","fitness","Na Jomtien","https://pattaya-gym.com/gyms/pattaya-marriott-resort/","https://www.marriott.com/en-us/hotels/utpjb-pattaya-marriott-resort-and-spa/overview/","","https://pattaya-gym.com/badge-listed.svg","Subject: Your venue on Pattaya.Gym — Pattaya Marriott Resort and Spa

Hi Pattaya Marriott Resort and Spa team,

We run https://pattaya-gym.com — independent directory of 158 Pattaya sport venues. Your free listing: https://pattaya-gym.com/gyms/pattaya-marriott-resort/

If you'd like to show visitors you're listed, link to your page or use our badge: https://pattaya-gym.com/badge-listed.svg

Reply with any corrections to hours or prices.

Tim — Pattaya.Gym"
"pattaya-monkey-hash-house","Pattaya Monkey Hash House Harriers","clubs","Various (run starting points across Pattaya region)","https://pattaya-gym.com/gyms/pattaya-monkey-hash-house/","https://pattayamonkeyh3.com/","","https://pattaya-gym.com/badge-listed.svg","Subject: Your venue on Pattaya.Gym — Pattaya Monkey Hash House Harriers

Hi Pattaya Monkey Hash House Harriers team,

We run https://pattaya-gym.com — independent directory of 158 Pattaya sport venues. Your free listing: https://pattaya-gym.com/gyms/pattaya-monkey-hash-house/

If you'd like to show visitors you're listed, link to your page or use our badge: https://pattaya-gym.com/badge-listed.svg

Reply with any corrections to hours or prices.

Tim — Pattaya.Gym"
"pattaya-padel-club","Pattaya Padel Club (Mabprachan Lake)","racquet","Mabprachan Lake / East Pattaya","https://pattaya-gym.com/gyms/pattaya-padel-club/","https://pattayapadelclub.com/","","https://pattaya-gym.com/badge-listed.svg","Subject: Your venue on Pattaya.Gym — Pattaya Padel Club (Mabprachan Lake)

Hi Pattaya Padel Club (Mabprachan Lake) team,

We run https://pattaya-gym.com — independent directory of 158 Pattaya sport venues. Your free listing: https://pattaya-gym.com/gyms/pattaya-padel-club/

If you'd like to show visitors you're listed, link to your page or use our badge: https://pattaya-gym.com/badge-listed.svg

Reply with any corrections to hours or prices.

Tim — Pattaya.Gym"
"pattaya-panthers-rugby","Pattaya Panthers Rugby Football Club","clubs","Pattaya","https://pattaya-gym.com/gyms/pattaya-panthers-rugby/","https://pattayapanthers.com/","","https://pattaya-gym.com/badge-listed.svg","Subject: Your venue on Pattaya.Gym — Pattaya Panthers Rugby Football Club

Hi Pattaya Panthers Rugby Football Club team,

We run https://pattaya-gym.com — independent directory of 158 Pattaya sport venues. Your free listing: https://pattaya-gym.com/gyms/pattaya-panthers-rugby/

If you'd like to show visitors you're listed, link to your page or use our badge: https://pattaya-gym.com/badge-listed.svg

Reply with any corrections to hours or prices.

Tim — Pattaya.Gym"
"pattaya-park-water-fun","Pattaya Park Water & Fun Park (with Tower Jump)","adventure","South Pattaya / Jomtien border — Soi 12 Thappraya Rd","https://pattaya-gym.com/gyms/pattaya-park-water-fun/","https://www.pattayapark.com/","+66 38 251 201","https://pattaya-gym.com/badge-listed.svg","Subject: Your venue on Pattaya.Gym — Pattaya Park Water & Fun Park (with Tower Jump)

Hi Pattaya Park Water & Fun Park (with Tower Jump) team,

We run https://pattaya-gym.com — independent directory of 158 Pattaya sport venues. Your free listing: https://pattaya-gym.com/gyms/pattaya-park-water-fun/

If you'd like to show visitors you're listed, link to your page or use our badge: https://pattaya-gym.com/badge-listed.svg

Reply with any corrections to hours or prices.

Tim — Pattaya.Gym"
"pattaya-scuba-adventures","Pattaya Scuba Adventures","watersports","Pattaya / boat operations from Bali Hai Pier","https://pattaya-gym.com/gyms/pattaya-scuba-adventures/","https://www.pattaya-scuba-adventures.com/","","https://pattaya-gym.com/badge-listed.svg","Subject: Your venue on Pattaya.Gym — Pattaya Scuba Adventures

Hi Pattaya Scuba Adventures team,

We run https://pattaya-gym.com — independent directory of 158 Pattaya sport venues. Your free listing: https://pattaya-gym.com/gyms/pattaya-scuba-adventures/

If you'd like to show visitors you're listed, link to your page or use our badge: https://pattaya-gym.com/badge-listed.svg

Reply with any corrections to hours or prices.

Tim — Pattaya.Gym"
"pattaya-sky-ride-helicopter","Pattaya Sky Ride — Helicopter Tours & Bangkok-Pattaya Charter","adventure","Pattaya — landing pads at Royal Cliff Beach + various","https://pattaya-gym.com/gyms/pattaya-sky-ride-helicopter/","https://www.pattayaskyride.com/","","https://pattaya-gym.com/badge-listed.svg","Subject: Your venue on Pattaya.Gym — Pattaya Sky Ride — Helicopter Tours & Bangkok-Pattaya Charter

Hi Pattaya Sky Ride — Helicopter Tours & Bangkok-Pattaya Charter team,

We run https://pattaya-gym.com — independent directory of 158 Pattaya sport venues. Your free listing: https://pattaya-gym.com/gyms/pattaya-sky-ride-helicopter/

If you'd like to show visitors you're listed, link to your page or use our badge: https://pattaya-gym.com/badge-listed.svg

Reply with any corrections to hours or prices.

Tim — Pattaya.Gym"
"pattaya-sports-club","Pattaya Sports Club","clubs","Central Pattaya","https://pattaya-gym.com/gyms/pattaya-sports-club/","https://pattayasports.org/","+66 38 415 424","https://pattaya-gym.com/badge-listed.svg","Subject: Your venue on Pattaya.Gym — Pattaya Sports Club

Hi Pattaya Sports Club team,

We run https://pattaya-gym.com — independent directory of 158 Pattaya sport venues. Your free listing: https://pattaya-gym.com/gyms/pattaya-sports-club/

If you'd like to show visitors you're listed, link to your page or use our badge: https://pattaya-gym.com/badge-listed.svg

Reply with any corrections to hours or prices.

Tim — Pattaya.Gym"
"pattaya-tennis-badminton-inter-club","Pattaya Tennis & Badminton Inter Club","racquet","Soi Toongklom-Talman 25, Pattaya City","https://pattaya-gym.com/gyms/pattaya-tennis-badminton-inter-club/","https://liga.tennis/venue/pattaya-badminton-tennis-inter-club","","https://pattaya-gym.com/badge-listed.svg","Subject: Your venue on Pattaya.Gym — Pattaya Tennis & Badminton Inter Club

Hi Pattaya Tennis & Badminton Inter Club team,

We run https://pattaya-gym.com — independent directory of 158 Pattaya sport venues. Your free listing: https://pattaya-gym.com/gyms/pattaya-tennis-badminton-inter-club/

If you'd like to show visitors you're listed, link to your page or use our badge: https://pattaya-gym.com/badge-listed.svg

Reply with any corrections to hours or prices.

Tim — Pattaya.Gym"
"pattaya-triathlon","Pattaya Triathlon (Thailand Tri-League)","clubs","Pattaya Beach + Sukhumvit Highway + Pattaya Hill","https://pattaya-gym.com/gyms/pattaya-triathlon/","https://www.pattayatriathlon.com/","","https://pattaya-gym.com/badge-listed.svg","Subject: Your venue on Pattaya.Gym — Pattaya Triathlon (Thailand Tri-League)

Hi Pattaya Triathlon (Thailand Tri-League) team,

We run https://pattaya-gym.com — independent directory of 158 Pattaya sport venues. Your free listing: https://pattaya-gym.com/gyms/pattaya-triathlon/

If you'd like to show visitors you're listed, link to your page or use our badge: https://pattaya-gym.com/badge-listed.svg

Reply with any corrections to hours or prices.

Tim — Pattaya.Gym"
"petchrungruang-gym","Petchrungruang Gym","muay-thai","South Pattaya / Sukhumvit","https://pattaya-gym.com/gyms/petchrungruang-gym/","https://petchrungruang.com/","+66 86 147 3166 (Mr. Piyawath)","https://pattaya-gym.com/badge-listed.svg","Subject: Your venue on Pattaya.Gym — Petchrungruang Gym

Hi Petchrungruang Gym team,

We run https://pattaya-gym.com — independent directory of 158 Pattaya sport venues. Your free listing: https://pattaya-gym.com/gyms/petchrungruang-gym/

If you'd like to show visitors you're listed, link to your page or use our badge: https://pattaya-gym.com/badge-listed.svg

Reply with any corrections to hours or prices.

Tim — Pattaya.Gym"
"phoenix-gold-golf","Phoenix Gold Golf & Country Club","golf","Huay Yai (south of Pattaya)","https://pattaya-gym.com/gyms/phoenix-gold-golf/","https://www.phoenixgoldgolf.com/","+66 84 873 5363","https://pattaya-gym.com/badge-listed.svg","Subject: Your venue on Pattaya.Gym — Phoenix Gold Golf & Country Club

Hi Phoenix Gold Golf & Country Club team,

We run https://pattaya-gym.com — independent directory of 158 Pattaya sport venues. Your free listing: https://pattaya-gym.com/gyms/phoenix-gold-golf/

If you'd like to show visitors you're listed, link to your page or use our badge: https://pattaya-gym.com/badge-listed.svg

Reply with any corrections to hours or prices.

Tim — Pattaya.Gym"
"pickleball-pattaya","Pickleball Pattaya","racquet","Pratumnak Hill / Soi 6","https://pattaya-gym.com/gyms/pickleball-pattaya/","https://pickleballpattaya.com/","+66 92 265 9516","https://pattaya-gym.com/badge-listed.svg","Subject: Your venue on Pattaya.Gym — Pickleball Pattaya

Hi Pickleball Pattaya team,

We run https://pattaya-gym.com — independent directory of 158 Pattaya sport venues. Your free listing: https://pattaya-gym.com/gyms/pickleball-pattaya/

If you'd like to show visitors you're listed, link to your page or use our badge: https://pattaya-gym.com/badge-listed.svg

Reply with any corrections to hours or prices.

Tim — Pattaya.Gym"
"planet-football-pattaya","Planet Football Pattaya (FC Planet)","kids-youth","Pattaya","https://pattaya-gym.com/gyms/planet-football-pattaya/","https://www.pattayafootball.com/","","https://pattaya-gym.com/badge-listed.svg","Subject: Your venue on Pattaya.Gym — Planet Football Pattaya (FC Planet)

Hi Planet Football Pattaya (FC Planet) team,

We run https://pattaya-gym.com — independent directory of 158 Pattaya sport venues. Your free listing: https://pattaya-gym.com/gyms/planet-football-pattaya/

If you'd like to show visitors you're listed, link to your page or use our badge: https://pattaya-gym.com/badge-listed.svg

Reply with any corrections to hours or prices.

Tim — Pattaya.Gym"
"play-padel-pattaya","Play Padel Pattaya","racquet","Pratumnak / Kasetsin Soi 3","https://pattaya-gym.com/gyms/play-padel-pattaya/","https://www.playpadelpattaya.com/","+66 80 621 0000","https://pattaya-gym.com/badge-listed.svg","Subject: Your venue on Pattaya.Gym — Play Padel Pattaya

Hi Play Padel Pattaya team,

We run https://pattaya-gym.com — independent directory of 158 Pattaya sport venues. Your free listing: https://pattaya-gym.com/gyms/play-padel-pattaya/

If you'd like to show visitors you're listed, link to your page or use our badge: https://pattaya-gym.com/badge-listed.svg

Reply with any corrections to hours or prices.

Tim — Pattaya.Gym"
"rage-fight-academy","Rage Fight Academy","muay-thai","Thappraya Road / South Pattaya (5 min from Dongtan & Jomtien beaches)","https://pattaya-gym.com/gyms/rage-fight-academy/","https://ragefightacademy.com/","","https://pattaya-gym.com/badge-listed.svg","Subject: Your venue on Pattaya.Gym — Rage Fight Academy

Hi Rage Fight Academy team,

We run https://pattaya-gym.com — independent directory of 158 Pattaya sport venues. Your free listing: https://pattaya-gym.com/gyms/rage-fight-academy/

If you'd like to show visitors you're listed, link to your page or use our badge: https://pattaya-gym.com/badge-listed.svg

Reply with any corrections to hours or prices.

Tim — Pattaya.Gym"
"rajadamnern-stadium","Rajadamnern Stadium (Bangkok day-trip)","muay-thai","Bangkok — Ratchadamnoen Nok Avenue (1.5–2 hr from Pattaya)","https://pattaya-gym.com/gyms/rajadamnern-stadium/","https://rajadamnern.com/","+66 2 281 4205","https://pattaya-gym.com/badge-listed.svg","Subject: Your venue on Pattaya.Gym — Rajadamnern Stadium (Bangkok day-trip)

Hi Rajadamnern Stadium (Bangkok day-trip) team,

We run https://pattaya-gym.com — independent directory of 158 Pattaya sport venues. Your free listing: https://pattaya-gym.com/gyms/rajadamnern-stadium/

If you'd like to show visitors you're listed, link to your page or use our badge: https://pattaya-gym.com/badge-listed.svg

Reply with any corrections to hours or prices.

Tim — Pattaya.Gym"
"ramayana-water-park","Ramayana Water Park Pattaya","swimming","Na Jomtien / Sattahip — 20 km south of Pattaya","https://pattaya-gym.com/gyms/ramayana-water-park/","https://www.ramayanawaterpark.com/","","https://pattaya-gym.com/badge-listed.svg","Subject: Your venue on Pattaya.Gym — Ramayana Water Park Pattaya

Hi Ramayana Water Park Pattaya team,

We run https://pattaya-gym.com — independent directory of 158 Pattaya sport venues. Your free listing: https://pattaya-gym.com/gyms/ramayana-water-park/

If you'd like to show visitors you're listed, link to your page or use our badge: https://pattaya-gym.com/badge-listed.svg

Reply with any corrections to hours or prices.

Tim — Pattaya.Gym"
"real-divers-pattaya","Real Divers Pattaya","watersports","Pattaya — boat departures from Bali Hai Pier","https://pattaya-gym.com/gyms/real-divers-pattaya/","https://www.real-divers.com/","","https://pattaya-gym.com/badge-listed.svg","Subject: Your venue on Pattaya.Gym — Real Divers Pattaya

Hi Real Divers Pattaya team,

We run https://pattaya-gym.com — independent directory of 158 Pattaya sport venues. Your free listing: https://pattaya-gym.com/gyms/real-divers-pattaya/

If you'd like to show visitors you're listed, link to your page or use our badge: https://pattaya-gym.com/badge-listed.svg

Reply with any corrections to hours or prices.

Tim — Pattaya.Gym"
"regents-international-school-pattaya","Regents International School Pattaya (Sports)","kids-youth","Pattaya / Eastern Seaboard","https://pattaya-gym.com/gyms/regents-international-school-pattaya/","https://www.nordangliaeducation.com/risp-pattaya","","https://pattaya-gym.com/badge-listed.svg","Subject: Your venue on Pattaya.Gym — Regents International School Pattaya (Sports)

Hi Regents International School Pattaya (Sports) team,

We run https://pattaya-gym.com — independent directory of 158 Pattaya sport venues. Your free listing: https://pattaya-gym.com/gyms/regents-international-school-pattaya/

If you'd like to show visitors you're listed, link to your page or use our badge: https://pattaya-gym.com/badge-listed.svg

Reply with any corrections to hours or prices.

Tim — Pattaya.Gym"
"renaissance-pattaya-resort","Renaissance Pattaya Resort & Spa","fitness","Na Jomtien","https://pattaya-gym.com/gyms/renaissance-pattaya-resort/","https://www.marriott.com/en-us/hotels/pyxbr-renaissance-pattaya-resort-and-spa/overview/","+66 38 259 099","https://pattaya-gym.com/badge-listed.svg","Subject: Your venue on Pattaya.Gym — Renaissance Pattaya Resort & Spa

Hi Renaissance Pattaya Resort & Spa team,

We run https://pattaya-gym.com — independent directory of 158 Pattaya sport venues. Your free listing: https://pattaya-gym.com/gyms/renaissance-pattaya-resort/

If you'd like to show visitors you're listed, link to your page or use our badge: https://pattaya-gym.com/badge-listed.svg

Reply with any corrections to hours or prices.

Tim — Pattaya.Gym"
"royal-varuna-yacht-club","Royal Varuna Yacht Club","watersports","Pratamnak Hill","https://pattaya-gym.com/gyms/royal-varuna-yacht-club/","https://www.varuna.org/","","https://pattaya-gym.com/badge-listed.svg","Subject: Your venue on Pattaya.Gym — Royal Varuna Yacht Club

Hi Royal Varuna Yacht Club team,

We run https://pattaya-gym.com — independent directory of 158 Pattaya sport venues. Your free listing: https://pattaya-gym.com/gyms/royal-varuna-yacht-club/

If you'd like to show visitors you're listed, link to your page or use our badge: https://pattaya-gym.com/badge-listed.svg

Reply with any corrections to hours or prices.

Tim — Pattaya.Gym"
"rusich-club-football","Rusich Club Pattaya (HSIF Thailand)","kids-youth","Pattaya","https://pattaya-gym.com/gyms/rusich-club-football/","https://rusich.club/en/home_en/","","https://pattaya-gym.com/badge-listed.svg","Subject: Your venue on Pattaya.Gym — Rusich Club Pattaya (HSIF Thailand)

Hi Rusich Club Pattaya (HSIF Thailand) team,

We run https://pattaya-gym.com — independent directory of 158 Pattaya sport venues. Your free listing: https://pattaya-gym.com/gyms/rusich-club-football/

If you'd like to show visitors you're listed, link to your page or use our badge: https://pattaya-gym.com/badge-listed.svg

Reply with any corrections to hours or prices.

Tim — Pattaya.Gym"
"sailbreeze-ocean-marina","SailBreeze Sailing School @ Ocean Marina Yacht Club","watersports","Na Jomtien — Ocean Marina Jomtien","https://pattaya-gym.com/gyms/sailbreeze-ocean-marina/","https://www.sailbreeze.org/","","https://pattaya-gym.com/badge-listed.svg","Subject: Your venue on Pattaya.Gym — SailBreeze Sailing School @ Ocean Marina Yacht Club

Hi SailBreeze Sailing School @ Ocean Marina Yacht Club team,

We run https://pattaya-gym.com — independent directory of 158 Pattaya sport venues. Your free listing: https://pattaya-gym.com/gyms/sailbreeze-ocean-marina/

If you'd like to show visitors you're listed, link to your page or use our badge: https://pattaya-gym.com/badge-listed.svg

Reply with any corrections to hours or prices.

Tim — Pattaya.Gym"
"sanctuary-of-truth","Sanctuary of Truth — Wood Temple & Cultural-Sport Park","clubs","Naklua / North Pattaya","https://pattaya-gym.com/gyms/sanctuary-of-truth/","https://sanctuaryoftruthmuseum.com/","","https://pattaya-gym.com/badge-listed.svg","Subject: Your venue on Pattaya.Gym — Sanctuary of Truth — Wood Temple & Cultural-Sport Park

Hi Sanctuary of Truth — Wood Temple & Cultural-Sport Park team,

We run https://pattaya-gym.com — independent directory of 158 Pattaya sport venues. Your free listing: https://pattaya-gym.com/gyms/sanctuary-of-truth/

If you'd like to show visitors you're listed, link to your page or use our badge: https://pattaya-gym.com/badge-listed.svg

Reply with any corrections to hours or prices.

Tim — Pattaya.Gym"
"seafari-padi-dive","Seafari PADI Dive Centre","watersports","Behind Mike's Mall — 2 min from Pattaya Beach Road","https://pattaya-gym.com/gyms/seafari-padi-dive/","https://seafari.co.th/","","https://pattaya-gym.com/badge-listed.svg","Subject: Your venue on Pattaya.Gym — Seafari PADI Dive Centre

Hi Seafari PADI Dive Centre team,

We run https://pattaya-gym.com — independent directory of 158 Pattaya sport venues. Your free listing: https://pattaya-gym.com/gyms/seafari-padi-dive/

If you'd like to show visitors you're listed, link to your page or use our badge: https://pattaya-gym.com/badge-listed.svg

Reply with any corrections to hours or prices.

Tim — Pattaya.Gym"
"siam-bayshore-tennis","Siam Bayshore Resort Pattaya Tennis Courts","racquet","Walking Street area / South Pattaya Beach Road","https://pattaya-gym.com/gyms/siam-bayshore-tennis/","https://siambayshorepattaya.com/sport-recreation/","","https://pattaya-gym.com/badge-listed.svg","Subject: Your venue on Pattaya.Gym — Siam Bayshore Resort Pattaya Tennis Courts

Hi Siam Bayshore Resort Pattaya Tennis Courts team,

We run https://pattaya-gym.com — independent directory of 158 Pattaya sport venues. Your free listing: https://pattaya-gym.com/gyms/siam-bayshore-tennis/

If you'd like to show visitors you're listed, link to your page or use our badge: https://pattaya-gym.com/badge-listed.svg

Reply with any corrections to hours or prices.

Tim — Pattaya.Gym"
"siam-country-club","Siam Country Club Pattaya","golf","East Pattaya / Pong, Bang Lamung","https://pattaya-gym.com/gyms/siam-country-club/","https://siamcountryclub.com/","+66 38 909 700","https://pattaya-gym.com/badge-listed.svg","Subject: Your venue on Pattaya.Gym — Siam Country Club Pattaya

Hi Siam Country Club Pattaya team,

We run https://pattaya-gym.com — independent directory of 158 Pattaya sport venues. Your free listing: https://pattaya-gym.com/gyms/siam-country-club/

If you'd like to show visitors you're listed, link to your page or use our badge: https://pattaya-gym.com/badge-listed.svg

Reply with any corrections to hours or prices.

Tim — Pattaya.Gym"
"silk-muay-thai","Silk Muay Thai","muay-thai","Pattaya","https://pattaya-gym.com/gyms/silk-muay-thai/","https://silkmuaythai.com/","","https://pattaya-gym.com/badge-listed.svg","Subject: Your venue on Pattaya.Gym — Silk Muay Thai

Hi Silk Muay Thai team,

We run https://pattaya-gym.com — independent directory of 158 Pattaya sport venues. Your free listing: https://pattaya-gym.com/gyms/silk-muay-thai/

If you'd like to show visitors you're listed, link to your page or use our badge: https://pattaya-gym.com/badge-listed.svg

Reply with any corrections to hours or prices.

Tim — Pattaya.Gym"
"sityodtong-pattaya","Sityodtong Pattaya","muay-thai","Naklua / Nong Prue","https://pattaya-gym.com/gyms/sityodtong-pattaya/","https://sityodtongthailand.com/","+66 38 251 489","https://pattaya-gym.com/badge-listed.svg","Subject: Your venue on Pattaya.Gym — Sityodtong Pattaya

Hi Sityodtong Pattaya team,

We run https://pattaya-gym.com — independent directory of 158 Pattaya sport venues. Your free listing: https://pattaya-gym.com/gyms/sityodtong-pattaya/

If you'd like to show visitors you're listed, link to your page or use our badge: https://pattaya-gym.com/badge-listed.svg

Reply with any corrections to hours or prices.

Tim — Pattaya.Gym"
"thai-polo-equestrian-club","Thai Polo & Equestrian Club","equestrian","Banglamung / Mabprachan Lake (25 min north of Pattaya)","https://pattaya-gym.com/gyms/thai-polo-equestrian-club/","https://www.thai-polo-club.com/","","https://pattaya-gym.com/badge-listed.svg","Subject: Your venue on Pattaya.Gym — Thai Polo & Equestrian Club

Hi Thai Polo & Equestrian Club team,

We run https://pattaya-gym.com — independent directory of 158 Pattaya sport venues. Your free listing: https://pattaya-gym.com/gyms/thai-polo-equestrian-club/

If you'd like to show visitors you're listed, link to your page or use our badge: https://pattaya-gym.com/badge-listed.svg

Reply with any corrections to hours or prices.

Tim — Pattaya.Gym"
"thai-sky-adventures-skydive","Thai Sky Adventures (Tandem Skydiving Pattaya)","adventure","Dropzone 25 km north of Pattaya / Rayong direction","https://pattaya-gym.com/gyms/thai-sky-adventures-skydive/","https://thaiskyadventures.com/","","https://pattaya-gym.com/badge-listed.svg","Subject: Your venue on Pattaya.Gym — Thai Sky Adventures (Tandem Skydiving Pattaya)

Hi Thai Sky Adventures (Tandem Skydiving Pattaya) team,

We run https://pattaya-gym.com — independent directory of 158 Pattaya sport venues. Your free listing: https://pattaya-gym.com/gyms/thai-sky-adventures-skydive/

If you'd like to show visitors you're listed, link to your page or use our badge: https://pattaya-gym.com/badge-listed.svg

Reply with any corrections to hours or prices.

Tim — Pattaya.Gym"
"thai-wake-park","Thai Wake Park Pattaya","watersports","East Pattaya near Mabprachan Lake","https://pattaya-gym.com/gyms/thai-wake-park/","https://www.thaiwakepark.com/","","https://pattaya-gym.com/badge-listed.svg","Subject: Your venue on Pattaya.Gym — Thai Wake Park Pattaya

Hi Thai Wake Park Pattaya team,

We run https://pattaya-gym.com — independent directory of 158 Pattaya sport venues. Your free listing: https://pattaya-gym.com/gyms/thai-wake-park/

If you'd like to show visitors you're listed, link to your page or use our badge: https://pattaya-gym.com/badge-listed.svg

Reply with any corrections to hours or prices.

Tim — Pattaya.Gym"
"underwater-world-pattaya","Underwater World Pattaya — Aquarium & Shark Dive Experience","watersports","Pattaya — Sukhumvit Road","https://pattaya-gym.com/gyms/underwater-world-pattaya/","https://underwaterworldpattaya.com/","","https://pattaya-gym.com/badge-listed.svg","Subject: Your venue on Pattaya.Gym — Underwater World Pattaya — Aquarium & Shark Dive Experience

Hi Underwater World Pattaya — Aquarium & Shark Dive Experience team,

We run https://pattaya-gym.com — independent directory of 158 Pattaya sport venues. Your free listing: https://pattaya-gym.com/gyms/underwater-world-pattaya/

If you'd like to show visitors you're listed, link to your page or use our badge: https://pattaya-gym.com/badge-listed.svg

Reply with any corrections to hours or prices.

Tim — Pattaya.Gym"
"venum-training-camp","Venum Training Camp Pattaya","muay-thai","Soi Khopai / off Thepprasit Road (1.8 km from Jomtien Beach)","https://pattaya-gym.com/gyms/venum-training-camp/","https://venom-mt.com/","","https://pattaya-gym.com/badge-listed.svg","Subject: Your venue on Pattaya.Gym — Venum Training Camp Pattaya

Hi Venum Training Camp Pattaya team,

We run https://pattaya-gym.com — independent directory of 158 Pattaya sport venues. Your free listing: https://pattaya-gym.com/gyms/venum-training-camp/

If you'd like to show visitors you're listed, link to your page or use our badge: https://pattaya-gym.com/badge-listed.svg

Reply with any corrections to hours or prices.

Tim — Pattaya.Gym"
"wave-pattaya","Wave Pattaya Watersports","watersports","Pattaya Beach / Jomtien Beach","https://pattaya-gym.com/gyms/wave-pattaya/","https://www.wavepattaya.com/","","https://pattaya-gym.com/badge-listed.svg","Subject: Your venue on Pattaya.Gym — Wave Pattaya Watersports

Hi Wave Pattaya Watersports team,

We run https://pattaya-gym.com — independent directory of 158 Pattaya sport venues. Your free listing: https://pattaya-gym.com/gyms/wave-pattaya/

If you'd like to show visitors you're listed, link to your page or use our badge: https://pattaya-gym.com/badge-listed.svg

Reply with any corrections to hours or prices.

Tim — Pattaya.Gym"
"wko-muay-thai","WKO Muay Thai & Fitness Pattaya (ISS Gym)","muay-thai","Central Pattaya / Pattaya Klang","https://pattaya-gym.com/gyms/wko-muay-thai/","https://world-kumite.org/","+66 87 137 0841","https://pattaya-gym.com/badge-listed.svg","Subject: Your venue on Pattaya.Gym — WKO Muay Thai & Fitness Pattaya (ISS Gym)

Hi WKO Muay Thai & Fitness Pattaya (ISS Gym) team,

We run https://pattaya-gym.com — independent directory of 158 Pattaya sport venues. Your free listing: https://pattaya-gym.com/gyms/wko-muay-thai/

If you'd like to show visitors you're listed, link to your page or use our badge: https://pattaya-gym.com/badge-listed.svg

Reply with any corrections to hours or prices.

Tim — Pattaya.Gym"
"yoga-pattaya-studio","Yoga Pattaya Studio","yoga","Thepprasit / Jomtien","https://pattaya-gym.com/gyms/yoga-pattaya-studio/","https://yogapattaya.com/","+66 95 573 9376","https://pattaya-gym.com/badge-listed.svg","Subject: Your venue on Pattaya.Gym — Yoga Pattaya Studio

Hi Yoga Pattaya Studio team,

We run https://pattaya-gym.com — independent directory of 158 Pattaya sport venues. Your free listing: https://pattaya-gym.com/gyms/yoga-pattaya-studio/

If you'd like to show visitors you're listed, link to your page or use our badge: https://pattaya-gym.com/badge-listed.svg

Reply with any corrections to hours or prices.

Tim — Pattaya.Gym"